DMA 1              ,         ,          ,             ,          ,         ,          ,          , 
Peripheral Requests, Stream 0, Stream 1 , Stream 2    , Stream 3 , Stream 4, Stream 5 , Stream 6 , Stream 7
Channel 0          ,         ,          ,             ,          , SPI2_TX ,          ,          , 
Channel 1          ,         ,          ,             ,          ,         ,          ,          , 
Channel 2          ,         ,          ,             ,          ,         ,          ,          , 
Channel 3          ,         ,          ,             ,          ,         ,          ,          , 
Channel 4          ,         , USART3_RX,             , USART3_TX,         , USART2_TX, USART2_RX, 
Channel 5          ,         ,          , TIM3 (dshot),          ,         ,          ,          , 
Channel 6          ,         ,          ,             ,          ,         ,          ,          , 
Channel 7          ,         ,          ,             ,          ,         ,          ,          , 
                   ,         ,          ,             ,          ,         ,          ,          , 
DMA 2              ,         ,          ,             ,          ,         ,          ,          , 
Peripheral Requests, Stream 0, Stream 1 , Stream 2    , Stream 3 , Stream 4, Stream 5 , Stream 6 , Stream 7
Channel 0          ,         ,          ,             ,          , ADC1    ,          ,          , 
Channel 1          ,         ,          ,             ,          ,         ,          ,          , 
Channel 2          ,         ,          ,             ,          ,         ,          ,          , 
Channel 3          , SPI1_RX ,          ,             , SPI1_TX  ,         ,          ,          , 
Channel 4          ,         ,          , USART1_RX   ,          ,         ,          ,          , USART1_TX
Channel 5          ,         ,          ,             ,          ,         ,          ,          , 
Channel 6          ,         ,          ,             ,          ,         ,          ,          , 
Channel 7          ,         ,          ,             ,          ,         ,          ,          , 